terme,cate,titre,url,prix_eur_ht_kg,stock_kg,origine_fr
tilleul,Écorce,TILLEUL aubier coupé bio*,https://boutique.herbier-du-diois.com/ecorce/3266-tilleul-aubier-coupe-tilia-cordata-mill.html,17.1,,FR
tilleul,Fleur,TILLEUL bractée entière bio*,https://boutique.herbier-du-diois.com/fleur/4815-tilleul-bractee-fr-tilia-platyphyllos-scop.html,48.2,,FR
tilleul,Fleur,TILLEUL bractée coupée bio*,https://boutique.herbier-du-diois.com/fleur/6998-tilleul-bractee-coupee.html,50.55,,FR
tilleul,Fleur,TILLEUL bractée coupée bio*,https://boutique.herbier-du-diois.com/fleur/2735-tilleul-bractee-cpee-tilia-platyphyllos-scop.html,38.25,,
tilleul,Fleur,TILLEUL bractée entière bio*,https://boutique.herbier-du-diois.com/fleur/2736-tilleul-bractee-tilia-platyphyllos-scop.html,34.7,,
tilleul,Tisanes,MÉLANGE NUIT PAISIBLE bio*,https://boutique.herbier-du-diois.com/tisanes/4225-mel-herbier-nuit-paisible-melange-pc.html,36.8,,
verveine,Feuille,VERVEINE ODORANTE feuille entière bio*,https://boutique.herbier-du-diois.com/feuille/2743-verveine-odorante-feu-aloysia-citriodora-palau.html,38.95,,
verveine,Partie aérienne,VERVEINE OFFICINALE partie aérienne coupée bio*,https://boutique.herbier-du-diois.com/partie-aerienne/2866-verveine-officinale-pa-cpee-verbena-officinalis-l.html,14.8,,
verveine,Feuille,VERVEINE ODORANTE feuille brisure bio*,https://boutique.herbier-du-diois.com/feuille/2988-verveine-odorante-bris-aloysia-citriodora-palau.html,32.9,,
verveine,Tisanes,MÉLANGE DÉTENTE bio*,https://boutique.herbier-du-diois.com/tisanes/4223-mel-herbier-detente-melange-pc.html,32.7,,
verveine,Mélanges,MÉLANGE DIGESTION brisure bio*,https://boutique.herbier-du-diois.com/melanges/7005-melange-digestion-brisure.html,25.3,,
verveine,Feuille,VERVEINE ODORANTE feuille brisure bio*,https://boutique.herbier-du-diois.com/feuille/6989-verveine-odorante-feuille-brisure.html,43.85,,FR
camomille,Fleur,CAMOMILLE MATRICAIRE fleur entière bio*,https://boutique.herbier-du-diois.com/fleur/2571-camomille-matricaire-fle-matricaria-chamomilla-l.html,29.75,,
camomille,Fleur,CAMOMILLE ROMAINE fleur bio*,https://boutique.herbier-du-diois.com/fleur/2572-camomille-romaine-fleur-chamaemelum-nobile-l-all.html,192.8,,FR
camomille,Fleur,CAMOMILLE MATRICAIRE poudre bio*,https://boutique.herbier-du-diois.com/fleur/3036-camomille-matricaire-pou-matricaria-chamomilla-l.html,18.4,,
camomille,Mélanges,MÉLANGE DIGESTION brisure bio*,https://boutique.herbier-du-diois.com/melanges/7005-melange-digestion-brisure.html,25.3,,
menthe,Tisanes,MÉLANGE DEUX MENTHES bio*,https://boutique.herbier-du-diois.com/tisanes/7011-melange-deux-menthes-bio.html,26.55,,FR
menthe,Feuille,MENTHE POIVRÉE feuille brisure bio*,https://boutique.herbier-du-diois.com/feuille/2659-menthe-poivree-feu-bris-mentha-x-piperita-l.html,17.05,,
menthe,Feuille,MENTHE DOUCE feuille brisure bio*,https://boutique.herbier-du-diois.com/feuille/3008-menthe-douce-fe-bris-mentha-spicata-l.html,16.7,,
menthe,Feuille,MENTHE POIVRÉE feuille entière bio*,https://boutique.herbier-du-diois.com/feuille/4803-menthe-poivree-feuille-fr-mentha-x-piperita-l.html,29.25,,FR
menthe,Feuille,MENTHE DOUCE feuille brisure bio*,https://boutique.herbier-du-diois.com/feuille/6982-menthe-douce-feuille-brisure-origine-france.html,27.35,,FR
menthe,Feuille,MENTHE POIVREE feuille brisure bio*,https://boutique.herbier-du-diois.com/feuille/6984-menthe-poivree-brisure-origine-france.html,29.1,,FR
menthe,Nos Mélanges,MÉLANGE DIGESTION bio*,https://boutique.herbier-du-diois.com/nos-melanges/4224-mel-herbier-digestion-melange-pc.html,26.55,,
menthe,Nos Mélanges,MÉLANGE JAMBES LÉGÈRES bio*,https://boutique.herbier-du-diois.com/nos-melanges/4227-mel-herbier-jambes-legeres-melange-pc.html,26.05,,
menthe,Tisanes,MÉLANGE TONUS bio*,https://boutique.herbier-du-diois.com/tisanes/4712-mel-herbier-tonus-melange-pc.html,23.05,,
menthe,Nos Mélanges,MÉLANGE FRAÎCHEUR bio*,https://boutique.herbier-du-diois.com/nos-melanges/4992-melange-fraicheur.html,27.45,,
menthe,Mélanges,MÉLANGE DIGESTION brisure bio*,https://boutique.herbier-du-diois.com/melanges/7005-melange-digestion-brisure.html,25.3,,
menthe,Feuille,MENTHE DOUCE feuille bio*,https://boutique.herbier-du-diois.com/feuille/2656-menthe-douce-feu-mentha-spicata-l.html,22.15,,
menthe,Feuille,MENTHE POIVRÉE feuille entière bio*,https://boutique.herbier-du-diois.com/feuille/2658-menthe-poivree-feu-mentha-x-piperita-l.html,22.55,,
menthe,Partie aérienne,MENTHE POIVREE sommité fleurie poudre bio*,https://boutique.herbier-du-diois.com/partie-aerienne/3068-menthe-poivree-sf-pou-mentha-x-piperita-l.html,19.9,,FR
menthe,Feuille,MENTHE DOUCE feuille bio*,https://boutique.herbier-du-diois.com/feuille/6995-menthe-douce-feu-mentha-spicata-l.html,28.7,,FR
melisse,Feuille,MÉLISSE feuille coupée bio*,https://boutique.herbier-du-diois.com/feuille/3189-melisse-feuille-cpee-melissa-officinalis-l.html,21.2,,FR
melisse,Feuille,MÉLISSE feuille entière bio*,https://boutique.herbier-du-diois.com/feuille/2654-melisse-feuille-melissa-officinalis-l.html,22.35,,FR
melisse,Tisanes,MÉLANGE DÉTENTE bio*,https://boutique.herbier-du-diois.com/tisanes/4223-mel-herbier-detente-melange-pc.html,32.7,,
melisse,Nos Mélanges,MÉLANGE DIGESTION bio*,https://boutique.herbier-du-diois.com/nos-melanges/4224-mel-herbier-digestion-melange-pc.html,26.55,,
melisse,Tisanes,MÉLANGE VENTRE LÉGER bio*,https://boutique.herbier-du-diois.com/tisanes/4226-mel-herbier-ventre-leger-melange-pc.html,31.5,,
melisse,Nos Mélanges,MÉLANGE FRAÎCHEUR bio*,https://boutique.herbier-du-diois.com/nos-melanges/4992-melange-fraicheur.html,27.45,,
melisse,Mélanges,MÉLANGE DIGESTION brisure bio*,https://boutique.herbier-du-diois.com/melanges/7005-melange-digestion-brisure.html,25.3,,
melisse,Tisanes,MÉLANGE NUIT PAISIBLE bio*,https://boutique.herbier-du-diois.com/tisanes/4225-mel-herbier-nuit-paisible-melange-pc.html,36.8,,
cynorrhodon,Fruit,CYNORRHODON fruit coupé bio*,https://boutique.herbier-du-diois.com/fruit/2597-cynorrhodon-fruit-casse-rosa-canina-l.html,11.8,,
cynorrhodon,Fruits et Légumes,CYNORRHODON fruit entier bio*,https://boutique.herbier-du-diois.com/fruits-et-legumes/4740-cynorrhodon-fruit-fr-rosa-canina-l.html,32.1,,FR
hibiscus,Fleur,HIBISCUS fleur entière bio*,https://boutique.herbier-du-diois.com/fleur/2629-hibiscus-fleur-bio.html,15.95,,
hibiscus,Fleur,HIBISCUS fleur poudre bio*,https://boutique.herbier-du-diois.com/fleur/3057-hibiscus-fleur-pou-hibiscus-sabdariffa-l.html,17.95,,
hibiscus,Fleur,HIBISCUS fleur coupée bio*,https://boutique.herbier-du-diois.com/fleur/3620-hibiscus-fleur-cpee-hibiscus-sabdariffa-l.html,16.55,,
hibiscus,Nos Mélanges,MÉLANGE JAMBES LÉGÈRES bio*,https://boutique.herbier-du-diois.com/nos-melanges/4227-mel-herbier-jambes-legeres-melange-pc.html,26.05,,
fenouil,Graine,FENOUIL fruit entier bio*,https://boutique.herbier-du-diois.com/graine/2529-fenouil-fruit-foeniculum-vulgare-mill.html,11,,
fenouil,Graine,FENOUIL fruit poudre bio*,https://boutique.herbier-du-diois.com/graine/3050-fenouil-fruit-pou-foeniculum-vulgare-mill.html,12.05,,FR
fenouil,Graine,FENOUIL fruit bio - estragol bas*,https://boutique.herbier-du-diois.com/graine/3896-fenouil-fru-estragol-bas-foeniculum-vulgare-mill.html,14.2,,
fenouil,Graine,FENOUIL fruit entier bio*,https://boutique.herbier-du-diois.com/graine/7019-fenouil-doux-fruit-bio.html,12.5,,FR
fenouil,Nos Mélanges,MÉLANGE POUR POISSONS bio*,https://boutique.herbier-du-diois.com/nos-melanges/2627-herbes-pour-poissons-melange.html,20.45,,
fenouil,Épices,MÉLANGE RAS EL HANOUT bio*,https://boutique.herbier-du-diois.com/epices/2879-melange-ras-el-hanout-melange-epices.html,28.2,,
fenouil,Épices,MÉLANGE CURRY DOUX bio*,https://boutique.herbier-du-diois.com/epices/3618-melange-curry-doux-poudre-curry.html,16.35,,
fenouil,Tisanes,MÉLANGE ALLAITEMENT bio*,https://boutique.herbier-du-diois.com/tisanes/4228-mel-herbier-allaitement-melange-pc.html,19.55,,
anis,Graine,ANIS ÉTOILÉ - BADIANE fruit entier bio*,https://boutique.herbier-du-diois.com/graine/2522-anis-etoile-fruit-illicium-verum-hook-f.html,28.4,,
anis,Graine,ANIS ÉTOILÉ - BADIANE fruit concassé bio*,https://boutique.herbier-du-diois.com/graine/3523-anis-etoile-fruit-concass-illicium-verum-hook-f.html,31.25,,
anis,Tisanes,MÉLANGE VENTRE LÉGER bio*,https://boutique.herbier-du-diois.com/tisanes/4226-mel-herbier-ventre-leger-melange-pc.html,31.5,,
anis,Tisanes,MÉLANGE NOËL bio*,https://boutique.herbier-du-diois.com/tisanes/4711-mel-herbier-noel-melange-pc.html,29.25,,
anis,Nos Mélanges,MÉLANGE PAIN D&#039;ÉPICES bio*,https://boutique.herbier-du-diois.com/nos-melanges/6987-melange-pain-d-epices-poudre.html,19.7,,
anis,Graine,ANIS VERT fruit entier bio*,https://boutique.herbier-du-diois.com/graine/2524-anis-vert-fruit-pimpinella-anisum-l.html,20.75,,
mauve,Plantes aromatiques et médicinales,MAUVE partie aérienne coupée bio*,https://boutique.herbier-du-diois.com/plantes-aromatiques-et-medicinales/2652-mauve-pa-cpee-malva-sylvestris-l.html,15.85,,FR
mauve,Fleur,MAUVE fleur entière bio*,https://boutique.herbier-du-diois.com/fleur/4824-mauve-fleur-fr-malva-sylvestris-l.html,205,,FR
mauve,Nos Mélanges,MÉLANGE DIGESTION bio*,https://boutique.herbier-du-diois.com/nos-melanges/4224-mel-herbier-digestion-melange-pc.html,26.55,,
mauve,Tisanes,MÉLANGE VENTRE LÉGER bio*,https://boutique.herbier-du-diois.com/tisanes/4226-mel-herbier-ventre-leger-melange-pc.html,31.5,,
mauve,Fleur,MAUVE fleur entière bio*,https://boutique.herbier-du-diois.com/fleur/3267-mauve-fleur-malva-sylvestris-l.html,120.7,,
coquelicot,Fleur,COQUELICOT pétale bio*,https://boutique.herbier-du-diois.com/fleur/3223-coquelicot-petale-papaver-rhoeas-l.html,56.3,,
coquelicot,Tisanes,MÉLANGE NUIT PAISIBLE bio*,https://boutique.herbier-du-diois.com/tisanes/4225-mel-herbier-nuit-paisible-melange-pc.html,36.8,,
reine-des-pres,Partie aérienne,REINE DES PRÉS sommités fleuries poudre bio*,https://boutique.herbier-du-diois.com/partie-aerienne/3082-reine-des-pres-sf-pou-filipendula-ulmaria-l-maxim.html,14.55,,FR
reine-des-pres,Tisanes,MÉLANGE DÉTOX bio*,https://boutique.herbier-du-diois.com/tisanes/4229-mel-herbier-detox-melange-pc.html,24.95,,
reine-des-pres,Partie aérienne,REINE DES PRÉS sommité fleurie coupée bio*,https://boutique.herbier-du-diois.com/partie-aerienne/2709-reine-des-pres-sf-cpee-filipendula-ulmaria-l-maxim.html,8.95,,
reine-des-pres,Partie aérienne,REINE DES PRÉS sommité fleurie coupée bio*,https://boutique.herbier-du-diois.com/partie-aerienne/7001-reine-des-pres-sommite-fleurie-coupee.html,13.95,,FR
reine des pres,Partie aérienne,REINE DES PRÉS sommités fleuries poudre bio*,https://boutique.herbier-du-diois.com/partie-aerienne/3082-reine-des-pres-sf-pou-filipendula-ulmaria-l-maxim.html,14.55,,FR
reine des pres,Tisanes,MÉLANGE DÉTOX bio*,https://boutique.herbier-du-diois.com/tisanes/4229-mel-herbier-detox-melange-pc.html,24.95,,
reine des pres,Partie aérienne,REINE DES PRÉS sommité fleurie coupée bio*,https://boutique.herbier-du-diois.com/partie-aerienne/2709-reine-des-pres-sf-cpee-filipendula-ulmaria-l-maxim.html,8.95,,
reine des pres,Partie aérienne,REINE DES PRÉS sommité fleurie coupée bio*,https://boutique.herbier-du-diois.com/partie-aerienne/7001-reine-des-pres-sommite-fleurie-coupee.html,13.95,,FR
lavande,Fleur,LAVANDE fleur bio *,https://boutique.herbier-du-diois.com/fleur/4940-lavande-fleur-fr-bio.html,39.3,,FR
lavande,Tisanes,MÉLANGE DÉTENTE bio*,https://boutique.herbier-du-diois.com/tisanes/4223-mel-herbier-detente-melange-pc.html,32.7,,
lavande,Fleur,LAVANDE fleur bio*,https://boutique.herbier-du-diois.com/fleur/2536-lavande-fleur-bio.html,26.55,,
thym,Feuille,THYM feuille poudre bio*,https://boutique.herbier-du-diois.com/feuille/3088-thym-feuille-pou-thymus-vulgaris-l.html,17,,
thym,Nos Mélanges,MÉLANGE POUR GRILLADES bio*,https://boutique.herbier-du-diois.com/nos-melanges/2535-melange-grillades-ci-melange-ci.html,19,,
thym,Nos Mélanges,MÉLANGE POUR POISSONS bio*,https://boutique.herbier-du-diois.com/nos-melanges/2627-herbes-pour-poissons-melange.html,20.45,,
thym,Plantes aromatiques,MÉLANGE CORSE bio*,https://boutique.herbier-du-diois.com/plantes-aromatiques/2975-melange-corse-1-3mm-melange-epice.html,23.3,,
thym,Nos Mélanges,HERBES DE PROVENCE bio*,https://boutique.herbier-du-diois.com/nos-melanges/4409-herbes-de-provence-fr-melange-ci.html,20.35,,FR
thym,Nos Mélanges,MÉLANGE FRAÎCHEUR bio*,https://boutique.herbier-du-diois.com/nos-melanges/4992-melange-fraicheur.html,27.45,,
thym,Feuille,THYM CITRON feuille entière bio*,https://boutique.herbier-du-diois.com/feuille/2733-thym-citron-feu-thymus-x-citriodorus-pers-s.html,37.8,,
thym,Feuille,THYM CITRON feuille entière bio*,https://boutique.herbier-du-diois.com/feuille/4194-thym-citron-feu-fr-thymus-x-citriodorus-pers-s.html,39.3,,FR
thym,Feuille,THYM feuille entière bio*,https://boutique.herbier-du-diois.com/feuille/4195-thym-feuille-fr-thymus-vulgaris-l.html,24.6,,FR
thym,Nos Mélanges,HERBES DE PROVENCE bio*,https://boutique.herbier-du-diois.com/nos-melanges/2532-herbes-de-provence-melange-ci.html,17.9,,
romarin,Feuille,ROMARIN feuille entière bio*,https://boutique.herbier-du-diois.com/feuille/2711-romarin-feuille-rosmarinus-officinalis-l.html,8.35,,
romarin,Feuille,ROMARIN feuille poudre bio*,https://boutique.herbier-du-diois.com/feuille/3083-romarin-feuille-pou-rosmarinus-officinalis-l.html,13.15,,FR
romarin,Feuille,ROMARIN feuille coupée bio*,https://boutique.herbier-du-diois.com/feuille/3205-romarin-feuille-cpee-rosmarinus-officinalis-l.html,9.5,,
romarin,Nos Mélanges,MÉLANGE POUR GRILLADES bio*,https://boutique.herbier-du-diois.com/nos-melanges/2535-melange-grillades-ci-melange-ci.html,19,,
romarin,Plantes aromatiques,MÉLANGE CORSE bio*,https://boutique.herbier-du-diois.com/plantes-aromatiques/2975-melange-corse-1-3mm-melange-epice.html,23.3,,
romarin,Tisanes,MÉLANGE VENTRE LÉGER bio*,https://boutique.herbier-du-diois.com/tisanes/4226-mel-herbier-ventre-leger-melange-pc.html,31.5,,
romarin,Tisanes,MÉLANGE DÉTOX bio*,https://boutique.herbier-du-diois.com/tisanes/4229-mel-herbier-detox-melange-pc.html,24.95,,
romarin,Nos Mélanges,HERBES DE PROVENCE bio*,https://boutique.herbier-du-diois.com/nos-melanges/4409-herbes-de-provence-fr-melange-ci.html,20.35,,FR
romarin,Feuille,ROMARIN feuille entière bio*,https://boutique.herbier-du-diois.com/feuille/4192-romarin-feuille-fr-bio.html,17.2,,FR
romarin,Nos Mélanges,HERBES DE PROVENCE bio*,https://boutique.herbier-du-diois.com/nos-melanges/2532-herbes-de-provence-melange-ci.html,17.9,,
sauge,Feuille,SAUGE feuille entière bio*,https://boutique.herbier-du-diois.com/feuille/2717-sauge-feuille-salvia-officinalis-l.html,20.45,,
sauge,Feuille,SAUGE feuille poudre bio*,https://boutique.herbier-du-diois.com/feuille/3086-sauge-feuille-pou-salvia-officinalis-l.html,20.75,,
sauge,Feuille,SAUGE feuille coupée bio*,https://boutique.herbier-du-diois.com/feuille/3727-sauge-feuille-cpee-salvia-officinalis-l.html,20.1,,
sauge,Nos Mélanges,MÉLANGE POUR GRILLADES bio*,https://boutique.herbier-du-diois.com/nos-melanges/2535-melange-grillades-ci-melange-ci.html,19,,
sarriette,Feuille,SARRIETTE DES MONTAGNES feuille entière bio*,https://boutique.herbier-du-diois.com/feuille/2715-sarriette-mont-feu-satureja-montana-l.html,15.5,,FR
sarriette,Accueil,SARRIETTE DES MONTAGNES feuille poudre bio*,https://boutique.herbier-du-diois.com/accueil/7025-sarriette-des-montagnes-feuille-poudre-bio.html,15.1,,FR
sarriette,Nos Mélanges,HERBES DE PROVENCE bio*,https://boutique.herbier-du-diois.com/nos-melanges/4409-herbes-de-provence-fr-melange-ci.html,20.35,,FR
oranger,Fleur,ORANGER BIGARADIER bouton entier bio*,https://boutique.herbier-du-diois.com/fleur/2675-oranger-bigaradier-bouton-bio.html,89.4,,
oranger,Fleur,ORANGER BIGARADIER pétale bio*,https://boutique.herbier-du-diois.com/fleur/2676-oranger-bigaradier-petales-citrus-aurantium-l.html,85.15,,
oranger,Tisanes,MÉLANGE DÉTENTE bio*,https://boutique.herbier-du-diois.com/tisanes/4223-mel-herbier-detente-melange-pc.html,32.7,,
oranger,Feuille,ORANGER BIGARADIER feuille coupée bio*,https://boutique.herbier-du-diois.com/feuille/2674-oranger-big-feu-cpee-citrus-aurantium-l.html,16.85,,
